0001, account1, svncbsdvns , usermail1, platform, website, info
0002, account2, 0987654345678, usermail2,google, website, info
0003, account3, passaccount21098474673, usermail3,youtube, website, info
0004, account4, passaccountsdgbdgbfv, usermail4,linkedin, website, info
0005, account5,account, usermail5, platform, website, info
0006, account6, passaccount, usermail6, platform, website, info
0007, account7, ekdsjvbi24we2, usermail7, platform, website, info
0008, account8,\, usermail8,google, website, info
0009, account9,S, usermail9, platform, website, info
0010, account10,dsvsfb, usermail10,google, website, info
0011, account11,wdsdvdfz, usermail11,google, website, info
0012, account12,rgsdfzg34, usermail12,app, website, info
0013, account13,3434rves, usermail13,wdswdv, website, info
0014, account14,34ewgdceds, usermail14,app, website, info
0015, account15,fdsf34qrefsdv, usermail15,app, website, info
0016, account1, svncbsdvns , usermail1, platform, website, info
0017, account2, 0987654345678, usermail2,google, website, info
0018, account3, passaccount21098474673, usermail3,youtube, website, info
0019, account4, passaccountsdgbdgbfv, usermail4,linkedin, website, info
0020, account5,account, usermail5, platform, website, info
0021, account6, passaccount, usermail6, platform, website, info
0022, account7, ekdsjvbi24we2, usermail7, platform, website, info
0023, account8,\, usermail8,google, website, info
0024, account9,S, usermail9, platform, website, info
0025, account10,dsvsfb, usermail10,google, website, info
0026, account11,wdsdvdfz, usermail11,google, website, info
0027, account12,rgsdfzg34, usermail12,app, website, info
0028, account13,3434rves, usermail13,wdswdv, website, info
0029, account14,34ewgdceds, usermail14,app, website, info
0030, account15,fdsf34qrefsdv, usermail15,app, website, info
0031, account1, svncbsdvns , usermail1, platform, website, info
0032, account2, 0987654345678, usermail2,google, website, info
0033, account3, passaccount21098474673, usermail3,youtube, website, info
0034, account4, passaccountsdgbdgbfv, usermail4,linkedin, website, info
0035, account5,account, usermail5, platform, website, info
0036, account6, passaccount, usermail6, platform, website, info
0037, account7, ekdsjvbi24we2, usermail7, platform, website, info
0038, account8,\, usermail8,google, website, info
0039, account9,S, usermail9, platform, website, info
0040, account10,dsvsfb, usermail10,google, website, info
0041, account11,wdsdvdfz, usermail11,google, website, info
0042, account12,rgsdfzg34, usermail12,app, website, info
0043, account13,3434rves, usermail13,wdswdv, website, info
0044, account14,34ewgdceds, usermail14,app, website, info
0045, account15,fdsf34qrefsdv, usermail15,app, website, info
0046, account1, svncbsdvns , usermail1, platform, website, info
0047, account2, 0987654345678, usermail2,google, website, info
0048, account3, passaccount21098474673, usermail3,youtube, website, info
0049, account4, passaccountsdgbdgbfv, usermail4,linkedin, website, info
0050, account5,account, usermail5, platform, website, info
0051, account6, passaccount, usermail6, platform, website, info
0052, account7, ekdsjvbi24we2, usermail7, platform, website, info
0053, account8,\, usermail8,google, website, info
0054, account9,S, usermail9, platform, website, info
0055, account10,dsvsfb, usermail10,google, website, info
0056, account11,wdsdvdfz, usermail11,google, website, info
0057, account12,rgsdfzg34, usermail12,app, website, info
0058, account13,3434rves, usermail13,wdswdv, website, info
0059, account14,34ewgdceds, usermail14,app, website, info
60, sddfsd, ergdf436, 23rs, sd34re, wefsd34rdvx, dfxcvbfkjvlxchdfklvhgcxjhdvshj
61, sddfsd, ergdf436, 23rs, sd34re, wefsd34rdvx, dfxcvbfkjvlxchdfklvhgcxjhdvshj
62, sddfsd, ergdf436, 23rs, sd34re, wefsd34rdvx, dfxcvbfkjvlxchdfklvhgcxjhdvshj
63, sddfsd, ergdf436, 23rs, sd34re, wefsd34rdvx, dfxcvbfkjvlxchdfklvhgcxjhdvshj
64, sddfsd, ergdf436, 23rs, sd34re, wefsd34rdvx, dfxcvbfkjvlxchdfklvhgcxjhdvshj
65, sddfsd, ergdf436, 23rs, sd34re, wefsd34rdvx, dfxcvbfkjvlxchdfklvhgcxjhdvshj
66, name, pass, mail@mail.com, adgsf, https://dsv, sdv
